id,nombre,inicio,fin,viaje,ubicacion
1,Egestas Blandit Nam Limited,02/04/2020,05/10/2021,33,4934 Arcu. Rd.
2,Eros Nec Ltd,10/12/2019,12/01/2021,93,"P.O. Box 482, 2584 Mauris Ave"
3,Rutrum Non Corp.,19/12/2019,13/08/2021,31,Ap #725-8192 Iaculis Av.
4,Eu Placerat Foundation,26/03/2020,27/09/2021,74,1800 Dolor. Avenue
5,Vestibulum PC,17/09/2020,21/02/2021,98,679-2811 Urna. Avenue
6,Tempor Bibendum Limited,02/10/2020,09/10/2021,37,4541 Ultricies Rd.
7,Velit Dui Semper LLC,29/07/2020,18/12/2020,36,"P.O. Box 549, 7520 Eget Rd."
8,Eros Turpis Non Company,24/02/2020,21/11/2020,64,6090 Sem Rd.
9,Orci Luctus Et LLP,29/04/2020,04/07/2021,32,3979 Neque St.
10,Tincidunt Tempus Risus Company,06/04/2020,21/01/2021,52,5171 Quam. Ave
11,In Nec Orci Inc.,27/09/2020,23/12/2020,46,180-1935 Adipiscing. Ave
12,Nec Eleifend Associates,24/01/2020,07/11/2021,27,"P.O. Box 295, 2780 Praesent Av."
13,Nulla Integer Vulputate LLP,19/12/2019,29/10/2021,46,"7098 A, Av."
14,Malesuada Vel Convallis LLC,06/05/2020,13/12/2020,38,1502 Dolor Road
15,Enim Mauris Quis LLP,16/05/2020,17/04/2021,6,Ap #521-9239 Lectus Rd.
16,Iaculis Enim Sit Corporation,12/04/2020,07/10/2021,22,471-9841 Phasellus Rd.
17,Sit Incorporated,27/03/2020,27/10/2021,1,970-8355 Ante Road
18,Sem Industries,12/06/2020,25/01/2021,89,"9191 Non, Ave"
19,Luctus Sit Corp.,26/12/2019,09/02/2021,97,858-1944 Accumsan St.
20,Ante Ipsum LLP,05/01/2020,11/04/2021,21,"9595 Sapien, Rd."
21,Imperdiet Dictum Corp.,26/09/2020,19/08/2021,11,9028 At St.
22,Nec Luctus Felis Corp.,28/06/2020,13/12/2020,74,607-5265 Elit Av.
23,Non PC,23/12/2019,22/01/2021,51,"561-831 Iaculis, Rd."
24,Non Vestibulum Nec Limited,26/11/2019,17/10/2021,37,2924 Sed Rd.
25,Eu Limited,26/09/2020,05/08/2021,76,"Ap #821-3407 Non, Ave"
26,Dictum Eu Associates,01/04/2020,18/02/2021,83,8645 Mi Road
27,Scelerisque Neque PC,08/06/2020,11/12/2020,69,"5528 Posuere, St."
28,Quis Ltd,12/08/2020,11/08/2021,30,300-745 Volutpat. Rd.
29,Elementum At Consulting,26/07/2020,06/03/2021,85,Ap #840-824 Mus. Road
30,Diam Dictum Sapien Foundation,18/02/2020,21/05/2021,93,650-7140 Arcu St.
31,Eget LLC,15/02/2020,30/12/2020,91,"P.O. Box 579, 1609 Eu, Street"
32,Sed Tortor Integer Limited,25/04/2020,07/02/2021,80,654-2562 Eu Avenue
33,Velit Dui Semper Foundation,25/09/2020,21/07/2021,76,289-9634 Neque Av.
34,Phasellus PC,08/09/2020,08/06/2021,89,700 Semper. Ave
35,Ligula Corporation,04/03/2020,23/05/2021,4,Ap #289-2154 Aliquam Road
36,Nam Tempor Diam Associates,04/03/2020,09/08/2021,96,759-951 Aenean Rd.
37,Nunc Ac LLC,19/02/2020,03/11/2020,97,"P.O. Box 291, 4582 Accumsan St."
38,Metus Ltd,12/04/2020,20/03/2021,44,703-9971 Natoque Street
39,Eu Elit Corporation,27/08/2020,17/07/2021,34,Ap #169-6862 Ipsum Avenue
40,Etiam Imperdiet Dictum Consulting,14/12/2019,06/09/2021,97,Ap #309-7594 Turpis. St.
41,Ridiculus Mus Incorporated,24/01/2020,15/12/2020,40,Ap #805-3848 Tempus Street
42,Ligula Nullam Feugiat Corporation,25/02/2020,21/09/2021,85,"P.O. Box 666, 8088 Sed St."
43,Tellus LLP,30/11/2019,23/08/2021,39,"Ap #799-7691 A, Avenue"
44,Arcu Vestibulum Consulting,01/11/2020,15/03/2021,7,2025 Sagittis St.
45,Lobortis Risus In Foundation,03/08/2020,16/04/2021,18,722-2646 Mollis Street
46,Posuere Enim Nisl Inc.,11/12/2019,10/08/2021,59,981-8356 Viverra. Rd.
47,Sem Ut Dolor Incorporated,27/01/2020,17/11/2020,30,Ap #556-8856 Integer Avenue
48,Quam Quis Associates,15/04/2020,04/03/2021,1,390-9601 Mauris Rd.
49,Massa Inc.,23/12/2019,08/11/2021,89,9154 Lectus Rd.
50,Donec Egestas Associates,07/05/2020,06/12/2020,43,"P.O. Box 749, 6496 Ornare, St."
51,Feugiat Corp.,29/09/2020,16/03/2021,17,938-8336 Lobortis Ave
52,Justo Praesent Luctus Corporation,31/03/2020,03/10/2021,6,9622 Arcu. Street
53,Sed Auctor Odio Foundation,13/04/2020,17/09/2021,43,"P.O. Box 530, 1728 Facilisis St."
54,Integer Vitae Associates,10/03/2020,03/12/2020,71,"P.O. Box 384, 3294 Sed, St."
55,Sed Turpis LLC,18/12/2019,27/11/2020,59,"516-950 Eu, Avenue"
56,Arcu PC,22/02/2020,09/09/2021,83,Ap #547-1224 Vulputate St.
57,Quis Pede Foundation,31/03/2020,05/11/2021,28,9198 Lobortis Rd.
58,Et Corp.,07/07/2020,18/03/2021,34,"P.O. Box 640, 8048 Fringilla Road"
59,Dis Consulting,05/06/2020,12/07/2021,86,9812 Nulla St.
60,Porttitor Eros LLC,15/07/2020,27/01/2021,41,Ap #515-2749 Praesent St.
61,Magna Tellus Faucibus Ltd,01/12/2019,20/02/2021,56,"P.O. Box 260, 7172 Porta Street"
62,Cras Eget LLC,26/11/2019,19/09/2021,82,458-1622 Mauris Rd.
63,Adipiscing Associates,24/07/2020,03/05/2021,8,870 Vitae St.
64,Phasellus Incorporated,28/10/2020,19/12/2020,58,720-3475 Dolor. Avenue
65,Iaculis Quis Pede Corporation,20/03/2020,19/04/2021,14,177-670 Urna. St.
66,Phasellus Institute,27/04/2020,29/12/2020,19,8662 In Rd.
67,Molestie Arcu LLP,29/12/2019,08/05/2021,100,"P.O. Box 393, 8756 Dictum Rd."
68,Scelerisque Corporation,19/12/2019,02/12/2020,25,"P.O. Box 322, 597 Vel Rd."
69,Habitant Morbi Corporation,19/03/2020,15/10/2021,82,"P.O. Box 107, 4525 Donec Av."
70,Nibh Lacinia Orci Consulting,22/01/2020,11/06/2021,26,"P.O. Box 415, 6918 Bibendum. Ave"
71,Rutrum Non Hendrerit LLC,05/02/2020,16/02/2021,75,2500 Euismod Avenue
72,Semper Ltd,14/03/2020,24/12/2020,56,Ap #809-8226 Urna Rd.
73,Velit Justo Corp.,30/03/2020,29/03/2021,17,"P.O. Box 894, 9835 Est, Road"
74,Viverra Inc.,21/07/2020,29/08/2021,52,"Ap #415-7290 Montes, St."
75,Dui In LLP,03/04/2020,03/01/2021,36,3191 Ornare Road
76,Semper Foundation,16/02/2020,20/07/2021,74,"P.O. Box 472, 2424 Magna Street"
77,Auctor Vitae Aliquet Limited,24/08/2020,16/01/2021,82,636-4595 In St.
78,Non Inc.,19/12/2019,08/09/2021,57,"P.O. Box 109, 801 Nunc Street"
79,Vivamus Euismod Urna Foundation,21/02/2020,20/12/2020,78,4747 Aliquam Rd.
80,Pharetra Sed Industries,05/05/2020,06/08/2021,33,"P.O. Box 940, 4136 Nisi Av."
81,Facilisis Non Bibendum Foundation,04/05/2020,27/10/2021,2,Ap #735-4106 Mattis. Av.
82,Nunc Lectus Pede Ltd,08/01/2020,08/11/2020,52,Ap #744-3707 Rhoncus. Ave
83,Ac Orci Corporation,09/12/2019,10/10/2021,96,2782 Dictum Avenue
84,Venenatis A Magna Institute,13/06/2020,30/07/2021,2,Ap #734-4918 Semper. Street
85,Tincidunt Dui Consulting,17/10/2020,10/11/2020,72,"P.O. Box 104, 1486 Odio St."
86,Ac Mattis Ornare PC,09/03/2020,28/08/2021,16,Ap #546-2300 Nam Rd.
87,Vitae LLP,16/10/2020,30/06/2021,65,"Ap #392-3610 A, Rd."
88,Ut Inc.,13/01/2020,10/12/2020,51,"P.O. Box 470, 5360 Enim Road"
89,Sapien Aenean Ltd,14/08/2020,01/01/2021,3,9930 Dolor. Avenue
90,Risus Donec Egestas Industries,26/09/2020,08/06/2021,87,Ap #270-3941 Tincidunt Rd.
91,Donec Associates,09/03/2020,15/02/2021,68,Ap #876-875 Id St.
92,Tellus Associates,04/07/2020,30/06/2021,45,"P.O. Box 346, 3979 Aptent St."
93,Quis Turpis Incorporated,20/09/2020,23/05/2021,60,254-2542 Elit St.
94,Sem Egestas Blandit Foundation,08/10/2020,11/02/2021,59,Ap #718-6857 Donec Av.
95,Sed Sem Egestas Corporation,01/07/2020,02/10/2021,14,"Ap #400-8901 Amet, Avenue"
96,Nullam Lobortis PC,29/09/2020,05/03/2021,1,230-4608 In St.
97,Adipiscing Non Luctus Consulting,22/01/2020,02/11/2020,11,Ap #728-1726 Nulla Rd.
98,Augue Incorporated,15/04/2020,06/05/2021,66,749-1231 Tellus Street
99,Duis Ac Arcu Ltd,08/06/2020,06/11/2020,52,3152 Tellus Rd.
100,Odio Semper Cursus PC,05/02/2020,18/06/2021,4,7405 Pharetra St.