id,nombre,inicio,fin,viaje,cantHabitaciones,boucher,ubicacion
1,Non Company,12/02/2019,22/04/2021,63,1,PVO09KSL1BW,Ap #518-4718 Pellentesque St.
2,Consectetuer Cursus Et Foundation,30/08/2020,06/02/2021,16,1,ZRA06WKX0BX,"P.O. Box 792, 1545 Quam Avenue"
3,Malesuada Limited,16/05/2020,03/01/2021,54,2,NCQ41RCO5XG,Ap #351-6224 Eu St.
4,Nunc Ac Mattis Industries,18/10/2020,05/07/2021,95,4,QDM50TMY7PD,Ap #397-4409 Sed Street
5,Consectetuer Adipiscing Elit Associates,29/05/2020,25/04/2021,92,2,PTK57XYU2NZ,"P.O. Box 725, 1320 Sagittis Rd."
6,Mauris Sit Consulting,04/07/2020,25/01/2021,16,3,ZRZ10UKL0RW,884-6458 Eget Ave
7,Libero Industries,08/07/2020,19/11/2020,67,5,HRA81PMF8OL,549-3178 In Rd.
8,Eu Inc.,16/02/2020,17/09/2021,93,3,QKZ47HPL9WO,Ap #539-7726 Magnis Street
9,Nonummy Ultricies Industries,13/10/2020,09/02/2021,98,4,LRC52NLY1BA,"P.O. Box 297, 7575 Lorem Ave"
10,Ornare Foundation,15/08/2020,14/10/2021,35,5,VFA28NWA8VT,4816 Ut Av.
11,Eget Corp.,21/05/2020,17/04/2021,49,3,PAI66AWZ8TS,Ap #835-9029 Gravida Rd.
12,Magna Ut Associates,06/08/2020,11/10/2020,95,1,WAO59EFQ7QC,Ap #928-7213 Mus. Rd.
13,Libero Donec Consectetuer PC,22/12/2019,26/05/2021,11,4,DLR40YGU6VG,763-478 Ac Ave
14,Curabitur LLP,09/10/2020,28/01/2021,40,2,PQM07ERM8KT,Ap #533-7320 Pede Av.
15,Magna A Tortor Foundation,04/07/2020,23/06/2021,35,5,LYL47NGV5QN,"P.O. Box 142, 4081 Risus. Rd."
16,Semper Dui Lectus Limited,03/07/2020,09/03/2021,2,5,ICO69NJN8MZ,"6406 Et, St."
17,Sed Auctor Odio PC,15/10/2020,06/10/2021,53,2,LOX85CKN8VK,305-1224 Cras Ave
18,Pede Ultrices Inc.,31/03/2020,18/10/2021,40,4,HMV86VQI5QR,"P.O. Box 810, 9021 Ut Street"
19,Tellus Aenean Egestas Corp.,09/08/2020,14/11/2020,51,1,IET93AAH6QQ,"4155 Ac, Rd."
20,Hendrerit Consectetuer Cursus Institute,25/07/2020,10/07/2021,27,2,DME41RCP7DS,"Ap #357-5333 Pede, Rd."
21,Aenean PC,21/05/2020,25/01/2021,2,4,XWS23TTO3BQ,866-2404 Ut St.
22,Vestibulum Ante Institute,21/07/2020,08/12/2021,77,3,ILB73QFK3RK,Ap #646-7132 Lorem Av.
23,Est Ac LLC,15/01/2020,04/03/2021,73,5,RQZ50YBT9DS,Ap #915-8847 Lectus Rd.
24,Massa PC,29/07/2020,12/01/2020,21,2,UUI68PKJ5YL,"P.O. Box 255, 7566 Porttitor St."
25,Sed Est Nunc Company,25/06/2020,19/11/2020,64,5,TDG86XOW7AK,746-4407 At Street
26,Bibendum Donec Felis Incorporated,16/08/2020,02/06/2021,62,2,IOQ63LSZ5CR,2144 Dapibus Rd.
27,Magnis Dis LLP,04/09/2020,03/02/2021,60,3,CEW60NAU0GB,"P.O. Box 445, 996 Aliquam Rd."
28,Augue Scelerisque Company,21/04/2020,26/06/2021,21,2,PMX81DQH8KG,"P.O. Box 581, 1837 Magna St."
29,Eu LLC,13/05/2020,29/01/2021,77,4,ABL32AMU9YS,Ap #652-5682 Urna Av.
30,Sed Corp.,11/01/2020,13/11/2021,88,5,UMK16SJS8QF,"201-112 Montes, St."
31,Iaculis Company,07/11/2020,16/10/2021,50,4,PRJ42KRK5LB,2608 Ante. Street
32,Id Blandit Incorporated,23/04/2020,27/05/2021,93,4,SEF98BHX9DN,"P.O. Box 735, 3275 Vitae Av."
33,Sed Est Institute,23/03/2020,19/11/2021,13,2,REQ25ACE2LQ,"P.O. Box 568, 5368 Pede. St."
34,Cras Convallis Convallis Institute,23/08/2020,04/05/2021,67,3,HLA30AFC5OA,6164 Urna Avenue
35,Augue Inc.,26/09/2020,12/09/2020,23,5,VKS81ZRO4MF,748-3053 Tempus Road
36,Nascetur Limited,12/06/2019,29/04/2021,99,3,EVT87MTF1OR,150-1268 Urna. Rd.
37,Vehicula LLC,16/02/2020,03/07/2021,96,2,EMM19XQT2EE,"P.O. Box 946, 1006 Eleifend. St."
38,Ut Nulla Cras PC,07/09/2020,10/05/2021,36,4,KYP60WFS8RH,945-106 Laoreet Road
39,Sed Molestie Sed LLC,05/12/2020,29/03/2021,23,1,GAQ36VYQ2AH,"735-9786 Et, Rd."
40,Eleifend Non Dapibus LLC,28/10/2020,05/07/2021,98,4,EAZ74PZF8FD,Ap #407-7048 Sed Rd.
41,Id Incorporated,31/01/2020,19/05/2021,94,4,XRH00LVR2RL,"Ap #119-3272 Vel, Av."
42,Felis Donec Ltd,15/03/2020,06/04/2021,95,3,IIT20MIM0CU,645-6216 Auctor Road
43,Ligula Eu LLC,24/09/2020,19/11/2020,29,3,LXK25QPF6SF,"P.O. Box 713, 9641 Auctor Rd."
44,Mauris Ltd,06/09/2020,24/09/2021,14,3,QHI28RYO0CI,"269-5672 Ornare, Rd."
45,Per Inceptos Hymenaeos Corporation,20/02/2020,09/08/2021,100,5,XUH51AUW5AX,Ap #154-8425 Libero. Rd.
46,Eget Ipsum Foundation,10/06/2020,20/05/2021,27,1,WAB21YDP1LZ,"P.O. Box 279, 2801 Mauris Road"
47,Ante Maecenas Institute,02/06/2020,09/08/2021,84,3,ZFT70SVP6OY,Ap #792-4604 Dapibus St.
48,Sed Company,03/01/2020,03/12/2021,99,4,YPB06IBG2GG,"286 Vulputate, Road"
49,Sed LLP,08/05/2020,13/07/2021,70,5,MUZ85DDR1TI,Ap #931-350 Magna Av.
50,Enim Inc.,26/08/2020,30/09/2021,40,5,WJI39BSX5FT,"P.O. Box 238, 215 Commodo Road"
51,Sem Eget Massa Company,23/03/2020,09/05/2021,25,4,DBV51CPT7DL,662-8490 Aenean Road
52,Lectus Nullam Ltd,23/12/2019,16/01/2021,81,4,QSW17SRX3KN,"P.O. Box 908, 4763 Malesuada Av."
53,Nisi Ltd,01/04/2020,09/02/2021,49,2,OPP95HJM7DX,"729-6030 A, Rd."
54,Euismod Corporation,05/09/2020,09/11/2021,55,2,ZNS06JTH3NS,920 Ac Av.
55,Ac Institute,09/04/2020,26/02/2021,97,4,IHE70VZS0LH,Ap #100-2658 Nec Rd.
56,Eu Company,10/06/2020,11/07/2021,5,4,TLC95OKQ8GL,"P.O. Box 436, 4954 Eget Ave"
57,Proin Vel Arcu Incorporated,21/01/2020,23/07/2021,73,5,YKC53XPX3XA,586-6031 Dignissim Rd.
58,Rhoncus Proin Inc.,18/02/2020,29/04/2021,11,3,GWZ80TCV1KJ,Ap #168-5702 Eu St.
59,Ante Dictum Foundation,26/07/2020,22/07/2021,72,5,AAD38KKW8BP,Ap #198-589 Posuere St.
60,Et Arcu Associates,27/10/2020,24/12/2020,45,3,TAK95LDR6SD,1180 Interdum. Avenue
61,Aliquet Molestie Inc.,04/07/2020,10/12/2021,30,4,WIK94HYN3BF,180-9203 Consequat Rd.
62,Vulputate Velit Eu Inc.,28/05/2020,01/04/2021,48,3,AKW83IQA1YA,970-113 Volutpat Street
63,Sed Diam LLC,16/02/2020,10/05/2021,44,4,KAF12IZC6IU,"Ap #508-3378 Laoreet, Road"
64,Ligula Tortor Dictum PC,19/12/2019,16/08/2021,47,4,LWY01QVJ6JR,859-1472 Sed Street
65,Volutpat Industries,29/07/2020,11/02/2021,45,1,NTW40SZU7NI,Ap #109-2981 Pharetra Street
66,Lacus Quisque Purus LLP,02/05/2020,11/09/2020,85,2,YJZ84ZYX1VN,258-1464 Mattis Street
67,Nisl Maecenas Foundation,02/05/2020,14/01/2021,82,4,ZDF68UPM6IC,"180-9194 Tempor, Rd."
68,Amet Ultricies Sem Industries,15/06/2020,31/10/2021,72,5,CHD35WWO6QU,Ap #124-3208 Pharetra Street
69,Ullamcorper Velit In Company,04/01/2020,14/07/2021,33,4,FMS75VZA7DS,586-9363 Aliquet Rd.
70,At Auctor PC,09/10/2020,04/02/2021,64,5,WET58VUZ5XX,"3324 Egestas, Rd."
71,Aliquam Adipiscing Institute,21/07/2020,03/09/2021,95,5,SQO23DTX7PQ,"P.O. Box 993, 5152 Nec St."
72,Facilisis Non Limited,05/06/2020,15/07/2021,7,3,DKO38EJE4WI,543-3556 Nullam St.
73,Lacus Varius Foundation,20/05/2020,11/10/2021,80,3,VID92NDI1JI,"1789 Magna, St."
74,Adipiscing Lobortis Inc.,08/01/2020,31/12/2020,4,5,BJM13NZK4ZT,"P.O. Box 141, 7191 Aliquam Road"
75,Sed Dictum Proin Industries,29/05/2020,30/11/2020,21,5,MGC04EEF2GW,4923 Ligula. Road
76,Enim PC,24/08/2020,04/06/2021,90,4,WOG31BYS3KP,Ap #371-3569 Aliquam Rd.
77,Sit Amet Lorem Associates,02/07/2020,11/05/2020,6,4,ETT80HQY6TC,228-9598 Amet St.
78,Vestibulum Ut Ltd,24/02/2020,12/06/2020,97,5,FLI29UUN9CN,"P.O. Box 758, 4532 Sem. Rd."
79,Tincidunt Corporation,24/09/2020,27/09/2021,63,2,BQI08HMK8HL,Ap #576-878 Vel St.
80,Dolor Nonummy Ac LLP,04/06/2020,07/02/2021,30,3,UYQ75UWY8ZW,5467 Sollicitudin St.
81,Dignissim Maecenas Ornare LLC,31/12/2019,26/03/2021,18,4,RUZ22CVV2VS,"P.O. Box 793, 4742 Leo. Rd."
82,Vehicula Et Incorporated,03/01/2020,06/03/2021,39,1,YQF29KAY1PK,"P.O. Box 231, 683 Aenean Av."
83,Metus Facilisis Limited,28/08/2020,11/03/2021,58,4,ITL06VNZ5OB,"P.O. Box 800, 6600 Integer Ave"
84,Nec Ligula Consectetuer Associates,20/01/2020,25/10/2021,34,3,PDE01CRE5UR,8824 Orci Ave
85,Ipsum Sodales LLC,24/10/2020,16/09/2021,86,1,WLQ48RXX8KW,"346-4569 Ut, St."
86,Sed Tortor Integer Inc.,24/10/2020,24/09/2021,59,5,QZC86HRR1TI,477-6149 Libero Street
87,Fusce Fermentum Fermentum Corp.,29/08/2020,08/10/2021,3,1,DXO09EYI9OG,"904-5975 Eget, Avenue"
88,Nunc Interdum PC,28/08/2020,13/10/2021,93,2,XGB62GFT4SB,Ap #425-5978 Accumsan Avenue
89,Eu Metus In Company,08/04/2020,02/01/2021,59,3,ICH88GZG5BF,Ap #311-7456 Libero St.
90,Senectus Et Associates,27/03/2020,19/11/2021,79,1,KUB66UNJ6YB,Ap #474-5175 Nonummy. St.
91,Montes Nascetur Ridiculus Corporation,13/06/2020,16/08/2021,16,2,MCP25JGC5OY,"P.O. Box 621, 1854 Cubilia St."
92,Diam Vel Inc.,16/07/2020,08/01/2021,39,2,FRL95QMH4FO,"P.O. Box 359, 5246 Nec, Avenue"
93,Egestas Duis Ac Associates,12/10/2019,06/09/2021,13,2,UZM10HSZ9YT,"P.O. Box 337, 2436 Arcu. Av."
94,Augue Id Company,17/12/2019,10/02/2021,1,2,AYG02SZO6XS,"P.O. Box 543, 8137 A Road"
95,Semper Dui Lectus Consulting,12/05/2019,14/05/2021,17,5,SHZ51GSL8IJ,"Ap #205-9237 Lorem, Street"
96,Non Luctus Sit Ltd,07/06/2020,28/08/2021,6,4,ATK19NSF6UO,"8317 Nunc, Av."
97,In Dolor Fusce LLP,23/10/2020,12/10/2020,30,4,UIC28SNZ3FG,Ap #677-6283 Risus Road
98,Lobortis Quis Pede PC,01/02/2020,05/08/2021,35,1,DMC23HSV7IY,948-2370 Curabitur St.
99,Auctor Mauris Vel Limited,30/09/2020,11/02/2020,29,3,MLR77DFY8BE,153-6195 Dolor Rd.
100,Vehicula Pellentesque Consulting,20/05/2020,13/11/2020,69,2,IMP04WJD1TY,3368 Ipsum St.